"Genus","Species","n","mean_fa_prop_Branched","mean_fa_prop_LCUFA","mean_fa_prop_MUFA","mean_fa_prop_SAFA","mean_fa_prop_SCUFA","sd_fa_prop_Branched","sd_fa_prop_LCUFA","sd_fa_prop_MUFA","sd_fa_prop_SAFA","sd_fa_prop_SCUFA"
"Draparnaldia",NA,4,0.000347377191841553,0.0124740888981382,0.0881905486923225,0.189141818163668,0.70984616705403,5.0363408943107e-05,0.0040369924763946,0.0297254520553325,0.0141232922288225,0.0445744365499341
"Eulimnogammarus","cyaneus",2,0.00228344358986204,0.259126246497247,0.308636544176904,0.247944955117304,0.182008810618683,0.0004890514915875,0.0375763251504228,0.00945507294940459,0.0147511000607224,0.0327693495306925
"Eulimnogammarus","verrucosus",6,0.00188349222963191,0.18803470585554,0.383169397868731,0.239772006455833,0.187140397590264,0.000395603265939733,0.0506554517960527,0.0173027144125058,0.0612604331099683,0.035757035262942
"Eulimnogammarus","vittatus",6,0.0024030690691548,0.170591002471844,0.369468548365346,0.241318892610591,0.216218487483064,0.000199086739284951,0.0324372280624017,0.0385978396681772,0.0250384319802033,0.0209039982331945
"Pallasea","cancellus",3,0.00228343688182371,0.282185417394796,0.357520631115781,0.186874780710373,0.171135733897226,0.000266599346211503,0.0207423821031452,0.0269079769034269,0.0622652535313775,0.0512432300843242
"Periphyton",NA,7,0.000795061989198717,0.0731230227032172,0.0919680956571214,0.28391787661648,0.550195943033983,0.000424035672859467,0.00597134674694104,0.0535860466407143,0.0483660865110944,0.101853796879136
"Snail",NA,3,0.00279359861246076,0.469908037236973,0.122375126631924,0.193777056853239,0.211146180665404,0.000227009319912858,0.0339480207072544,0.00472469700425357,0.0177353333508594,0.0205827146016014
